id,timestamp_utc,tipo,compra,venta,fecha_fuente
1,2026-07-14T18:15:47+00:00,oficial,1450.0,1500.0,2026-07-14T15:00:00.000Z
2,2026-07-14T18:15:47+00:00,blue,1500.0,1520.0,2026-07-14T18:00:00.000Z
3,2026-07-14T18:15:47+00:00,bolsa,1510.6,1513.1,2026-07-14T18:00:00.000Z
4,2026-07-14T18:15:47+00:00,contadoconliqui,1559.6,1560.4,2026-07-14T18:00:00.000Z
5,2026-07-14T18:15:47+00:00,mayorista,1464.0,1473.0,2026-07-14T14:31:00.000Z
6,2026-07-14T18:15:47+00:00,cripto,1554.94,1557.31,2026-07-14T18:00:00.000Z
7,2026-07-14T18:15:47+00:00,tarjeta,1885.0,1950.0,2026-07-14T15:00:00.000Z
8,2026-07-14T18:16:59+00:00,oficial,1450.0,1500.0,2026-07-14T15:00:00.000Z
9,2026-07-14T18:16:59+00:00,blue,1500.0,1520.0,2026-07-14T18:00:00.000Z
10,2026-07-14T18:16:59+00:00,bolsa,1510.6,1513.1,2026-07-14T18:00:00.000Z
11,2026-07-14T18:16:59+00:00,contadoconliqui,1559.6,1560.4,2026-07-14T18:00:00.000Z
12,2026-07-14T18:16:59+00:00,mayorista,1464.0,1473.0,2026-07-14T14:31:00.000Z
13,2026-07-14T18:16:59+00:00,cripto,1554.94,1557.31,2026-07-14T18:00:00.000Z
14,2026-07-14T18:16:59+00:00,tarjeta,1885.0,1950.0,2026-07-14T15:00:00.000Z
15,2026-07-15T00:06:14+00:00,oficial,1445.0,1495.0,2026-07-14T18:00:00.000Z
16,2026-07-15T00:06:14+00:00,blue,1500.0,1520.0,2026-07-14T21:00:00.000Z
17,2026-07-15T00:06:14+00:00,bolsa,1504.4,1509.9,2026-07-14T21:00:00.000Z
18,2026-07-15T00:06:14+00:00,contadoconliqui,1551.9,1554.6,2026-07-14T21:00:00.000Z
19,2026-07-15T00:06:14+00:00,mayorista,1462.5,1471.5,2026-07-14T15:50:00.000Z
20,2026-07-15T00:06:14+00:00,cripto,1553.84,1556.57,2026-07-14T21:00:00.000Z
21,2026-07-15T00:06:14+00:00,tarjeta,1878.5,1943.5,2026-07-14T18:00:00.000Z
22,2026-07-15T13:06:52+00:00,oficial,1445.0,1495.0,2026-07-15T10:00:00.000Z
23,2026-07-15T13:06:52+00:00,blue,1500.0,1520.0,2026-07-15T12:55:00.000Z
24,2026-07-15T13:06:52+00:00,bolsa,1504.4,1509.9,2026-07-15T12:55:00.000Z
25,2026-07-15T13:06:52+00:00,contadoconliqui,1551.9,1554.6,2026-07-15T12:55:00.000Z
26,2026-07-15T13:06:52+00:00,mayorista,1462.5,1471.5,2026-07-14T15:50:00.000Z
27,2026-07-15T13:06:52+00:00,cripto,1549.82,1554.28,2026-07-15T12:55:00.000Z
28,2026-07-15T13:06:52+00:00,tarjeta,1878.5,1943.5,2026-07-15T10:00:00.000Z
29,2026-07-15T17:03:10+00:00,oficial,1445.0,1495.0,2026-07-15T13:00:00.000Z
30,2026-07-15T17:03:10+00:00,blue,1505.0,1525.0,2026-07-15T15:55:00.000Z
31,2026-07-15T17:03:10+00:00,bolsa,1513.3,1516.9,2026-07-15T15:55:00.000Z
32,2026-07-15T17:03:10+00:00,contadoconliqui,1561.5,1562.3,2026-07-15T15:55:00.000Z
33,2026-07-15T17:03:10+00:00,mayorista,1464.0,1473.0,2026-07-15T12:17:00.000Z
34,2026-07-15T17:03:10+00:00,cripto,1555.72,1558.0,2026-07-15T15:55:00.000Z
35,2026-07-15T17:03:10+00:00,tarjeta,1878.5,1943.5,2026-07-15T13:00:00.000Z
36,2026-07-15T21:45:28+00:00,oficial,1445.0,1495.0,2026-07-15T18:00:00.000Z
37,2026-07-15T21:45:28+00:00,blue,1510.0,1530.0,2026-07-15T21:00:00.000Z
38,2026-07-15T21:45:28+00:00,bolsa,1509.0,1515.7,2026-07-15T21:00:00.000Z
39,2026-07-15T21:45:28+00:00,contadoconliqui,1562.2,1565.7,2026-07-15T21:00:00.000Z
40,2026-07-15T21:45:28+00:00,mayorista,1465.5,1474.5,2026-07-15T17:05:00.000Z
41,2026-07-15T21:45:28+00:00,cripto,1560.27,1562.61,2026-07-15T21:00:00.000Z
42,2026-07-15T21:45:28+00:00,tarjeta,1878.5,1943.5,2026-07-15T18:00:00.000Z
43,2026-07-16T13:15:17+00:00,oficial,1445.0,1495.0,2026-07-16T10:00:00.000Z
44,2026-07-16T13:15:17+00:00,blue,1510.0,1530.0,2026-07-16T13:00:00.000Z
45,2026-07-16T13:15:17+00:00,bolsa,1509.0,1515.7,2026-07-16T13:00:00.000Z
46,2026-07-16T13:15:17+00:00,contadoconliqui,1562.2,1565.7,2026-07-16T13:00:00.000Z
47,2026-07-16T13:15:17+00:00,mayorista,1465.5,1474.5,2026-07-15T17:05:00.000Z
48,2026-07-16T13:15:17+00:00,cripto,1554.55,1558.87,2026-07-16T13:00:00.000Z
49,2026-07-16T13:15:17+00:00,tarjeta,1878.5,1943.5,2026-07-16T10:00:00.000Z
50,2026-07-16T17:01:21+00:00,oficial,1445.0,1495.0,2026-07-16T13:00:00.000Z
51,2026-07-16T17:01:21+00:00,blue,1505.0,1525.0,2026-07-16T16:00:00.000Z
52,2026-07-16T17:01:21+00:00,bolsa,1510.9,1512.6,2026-07-16T16:00:00.000Z
53,2026-07-16T17:01:21+00:00,contadoconliqui,1563.5,1564.4,2026-07-16T16:00:00.000Z
54,2026-07-16T17:01:21+00:00,mayorista,1465.0,1474.0,2026-07-16T12:09:00.000Z
55,2026-07-16T17:01:21+00:00,cripto,1559.12,1561.96,2026-07-16T16:00:00.000Z
56,2026-07-16T17:01:21+00:00,tarjeta,1878.5,1943.5,2026-07-16T13:00:00.000Z
57,2026-07-16T21:54:12+00:00,oficial,1445.0,1495.0,2026-07-16T18:00:00.000Z
58,2026-07-16T21:54:12+00:00,blue,1505.0,1525.0,2026-07-16T21:00:00.000Z
59,2026-07-16T21:54:12+00:00,bolsa,1512.7,1515.7,2026-07-16T21:00:00.000Z
60,2026-07-16T21:54:12+00:00,contadoconliqui,1566.4,1567.7,2026-07-16T21:00:00.000Z
61,2026-07-16T21:54:12+00:00,mayorista,1467.0,1476.0,2026-07-16T16:35:00.000Z
62,2026-07-16T21:54:12+00:00,cripto,1554.67,1557.55,2026-07-16T21:00:00.000Z
63,2026-07-16T21:54:12+00:00,tarjeta,1878.5,1943.5,2026-07-16T18:00:00.000Z
64,2026-07-17T13:00:09+00:00,oficial,1445.0,1495.0,2026-07-16T18:55:00.000Z
65,2026-07-17T13:00:09+00:00,blue,1505.0,1525.0,2026-07-17T11:59:00.000Z
66,2026-07-17T13:00:09+00:00,bolsa,1512.7,1515.7,2026-07-17T11:59:00.000Z
67,2026-07-17T13:00:09+00:00,contadoconliqui,1566.4,1567.7,2026-07-17T11:59:00.000Z
68,2026-07-17T13:00:09+00:00,mayorista,1467.0,1476.0,2026-07-16T16:35:00.000Z
69,2026-07-17T13:00:09+00:00,cripto,1557.49,1560.16,2026-07-17T11:59:00.000Z
70,2026-07-17T13:00:09+00:00,tarjeta,1878.5,1943.5,2026-07-16T18:55:00.000Z
71,2026-07-17T16:57:34+00:00,oficial,1450.0,1500.0,2026-07-17T13:00:00.000Z
72,2026-07-17T16:57:34+00:00,blue,1510.0,1530.0,2026-07-17T15:59:00.000Z
73,2026-07-17T16:57:34+00:00,bolsa,1518.7,1519.5,2026-07-17T15:59:00.000Z
74,2026-07-17T16:57:34+00:00,contadoconliqui,1572.8,1573.2,2026-07-17T15:59:00.000Z
75,2026-07-17T16:57:34+00:00,mayorista,1472.0,1481.0,2026-07-17T11:57:00.000Z
76,2026-07-17T16:57:34+00:00,cripto,1566.55,1569.2,2026-07-17T15:59:00.000Z
77,2026-07-17T16:57:34+00:00,tarjeta,1885.0,1950.0,2026-07-17T13:00:00.000Z
78,2026-07-17T21:40:24+00:00,oficial,1450.0,1500.0,2026-07-17T18:00:00.000Z
79,2026-07-17T21:40:24+00:00,blue,1510.0,1530.0,2026-07-17T20:59:00.000Z
80,2026-07-17T21:40:24+00:00,bolsa,1518.3,1521.9,2026-07-17T20:59:00.000Z
81,2026-07-17T21:40:24+00:00,contadoconliqui,1572.1,1575.9,2026-07-17T20:59:00.000Z
82,2026-07-17T21:40:24+00:00,mayorista,1469.0,1478.0,2026-07-17T15:22:00.000Z
83,2026-07-17T21:40:24+00:00,cripto,1567.52,1569.85,2026-07-17T20:59:00.000Z
84,2026-07-17T21:40:24+00:00,tarjeta,1885.0,1950.0,2026-07-17T18:00:00.000Z
85,2026-07-18T12:45:49+00:00,oficial,1450.0,1500.0,2026-07-17T18:55:00.000Z
86,2026-07-18T12:45:49+00:00,blue,1510.0,1530.0,2026-07-18T11:59:00.000Z
87,2026-07-18T12:45:49+00:00,bolsa,1518.3,1521.9,2026-07-18T11:59:00.000Z
88,2026-07-18T12:45:49+00:00,contadoconliqui,1572.1,1575.9,2026-07-18T11:59:00.000Z
89,2026-07-18T12:45:49+00:00,mayorista,1469.0,1478.0,2026-07-17T15:22:00.000Z
90,2026-07-18T12:45:49+00:00,cripto,1571.0,1573.43,2026-07-18T11:59:00.000Z
91,2026-07-18T12:45:49+00:00,tarjeta,1885.0,1950.0,2026-07-17T18:55:00.000Z
92,2026-07-18T16:42:16+00:00,oficial,1450.0,1500.0,2026-07-17T18:55:00.000Z
93,2026-07-18T16:42:16+00:00,blue,1510.0,1530.0,2026-07-18T14:59:00.000Z
94,2026-07-18T16:42:16+00:00,bolsa,1518.3,1521.9,2026-07-18T14:59:00.000Z
95,2026-07-18T16:42:16+00:00,contadoconliqui,1572.1,1575.9,2026-07-18T14:59:00.000Z
96,2026-07-18T16:42:16+00:00,mayorista,1469.0,1478.0,2026-07-17T15:22:00.000Z
97,2026-07-18T16:42:16+00:00,cripto,1566.95,1569.2,2026-07-18T14:59:00.000Z
98,2026-07-18T16:42:16+00:00,tarjeta,1885.0,1950.0,2026-07-17T18:55:00.000Z
99,2026-07-18T21:38:50+00:00,oficial,1450.0,1500.0,2026-07-17T18:55:00.000Z
100,2026-07-18T21:38:50+00:00,blue,1510.0,1530.0,2026-07-18T20:59:00.000Z
101,2026-07-18T21:38:50+00:00,bolsa,1518.3,1521.9,2026-07-18T20:59:00.000Z
102,2026-07-18T21:38:50+00:00,contadoconliqui,1572.1,1575.9,2026-07-18T20:59:00.000Z
103,2026-07-18T21:38:50+00:00,mayorista,1469.0,1478.0,2026-07-17T15:22:00.000Z
104,2026-07-18T21:38:50+00:00,cripto,1568.54,1570.68,2026-07-18T20:59:00.000Z
105,2026-07-18T21:38:50+00:00,tarjeta,1885.0,1950.0,2026-07-17T18:55:00.000Z
106,2026-07-19T12:48:56+00:00,oficial,1450.0,1500.0,2026-07-17T18:55:00.000Z
107,2026-07-19T12:48:56+00:00,blue,1510.0,1530.0,2026-07-19T12:00:00.000Z
108,2026-07-19T12:48:56+00:00,bolsa,1518.3,1521.9,2026-07-19T12:00:00.000Z
109,2026-07-19T12:48:56+00:00,contadoconliqui,1572.1,1575.9,2026-07-19T12:00:00.000Z
110,2026-07-19T12:48:56+00:00,mayorista,1469.0,1478.0,2026-07-17T15:22:00.000Z
111,2026-07-19T12:48:56+00:00,cripto,1567.99,1569.87,2026-07-19T12:00:00.000Z
112,2026-07-19T12:48:56+00:00,tarjeta,1885.0,1950.0,2026-07-17T18:55:00.000Z
113,2026-07-19T16:42:23+00:00,oficial,1450.0,1500.0,2026-07-17T18:55:00.000Z
114,2026-07-19T16:42:23+00:00,blue,1510.0,1530.0,2026-07-19T15:00:00.000Z
115,2026-07-19T16:42:23+00:00,bolsa,1518.3,1521.9,2026-07-19T15:00:00.000Z
116,2026-07-19T16:42:23+00:00,contadoconliqui,1572.1,1575.9,2026-07-19T15:00:00.000Z
117,2026-07-19T16:42:23+00:00,mayorista,1469.0,1478.0,2026-07-17T15:22:00.000Z
118,2026-07-19T16:42:23+00:00,cripto,1568.56,1570.93,2026-07-19T15:00:00.000Z
119,2026-07-19T16:42:23+00:00,tarjeta,1885.0,1950.0,2026-07-17T18:55:00.000Z
120,2026-07-19T21:39:56+00:00,oficial,1450.0,1500.0,2026-07-17T18:55:00.000Z
121,2026-07-19T21:39:56+00:00,blue,1510.0,1530.0,2026-07-19T21:00:00.000Z
122,2026-07-19T21:39:56+00:00,bolsa,1518.3,1521.9,2026-07-19T21:00:00.000Z
123,2026-07-19T21:39:56+00:00,contadoconliqui,1572.1,1575.9,2026-07-19T21:00:00.000Z
124,2026-07-19T21:39:56+00:00,mayorista,1469.0,1478.0,2026-07-17T15:22:00.000Z
125,2026-07-19T21:39:56+00:00,cripto,1565.4,1568.04,2026-07-19T21:00:00.000Z
126,2026-07-19T21:39:56+00:00,tarjeta,1885.0,1950.0,2026-07-17T18:55:00.000Z
127,2026-07-20T13:45:03+00:00,oficial,1450.0,1500.0,2026-07-20T10:00:00.000Z
128,2026-07-20T13:45:03+00:00,blue,1510.0,1530.0,2026-07-20T12:58:00.000Z
129,2026-07-20T13:45:03+00:00,bolsa,1518.3,1521.9,2026-07-20T12:58:00.000Z
130,2026-07-20T13:45:03+00:00,contadoconliqui,1572.1,1575.9,2026-07-20T12:58:00.000Z
131,2026-07-20T13:45:03+00:00,mayorista,1469.0,1478.0,2026-07-20T09:48:00.000Z
132,2026-07-20T13:45:03+00:00,cripto,1563.41,1575.08,2026-07-20T12:58:00.000Z
133,2026-07-20T13:45:03+00:00,tarjeta,1885.0,1950.0,2026-07-20T10:00:00.000Z
134,2026-07-20T17:16:31+00:00,oficial,1450.0,1500.0,2026-07-20T14:00:00.000Z
135,2026-07-20T17:16:31+00:00,blue,1515.0,1535.0,2026-07-20T16:58:00.000Z
136,2026-07-20T17:16:31+00:00,bolsa,1515.3,1516.7,2026-07-20T16:58:00.000Z
137,2026-07-20T17:16:31+00:00,contadoconliqui,1576.4,1577.4,2026-07-20T16:58:00.000Z
138,2026-07-20T17:16:31+00:00,mayorista,1472.0,1481.0,2026-07-20T12:34:00.000Z
139,2026-07-20T17:16:31+00:00,cripto,1572.91,1575.19,2026-07-20T16:58:00.000Z
140,2026-07-20T17:16:31+00:00,tarjeta,1885.0,1950.0,2026-07-20T14:00:00.000Z
141,2026-07-20T21:54:25+00:00,oficial,1450.0,1500.0,2026-07-20T18:00:00.000Z
142,2026-07-20T21:54:25+00:00,blue,1520.0,1540.0,2026-07-20T20:58:00.000Z
143,2026-07-20T21:54:25+00:00,bolsa,1510.4,1514.7,2026-07-20T20:58:00.000Z
144,2026-07-20T21:54:25+00:00,contadoconliqui,1572.4,1572.9,2026-07-20T20:58:00.000Z
145,2026-07-20T21:54:25+00:00,mayorista,1472.0,1481.0,2026-07-20T15:37:00.000Z
146,2026-07-20T21:54:25+00:00,cripto,1571.66,1573.24,2026-07-20T20:58:00.000Z
147,2026-07-20T21:54:25+00:00,tarjeta,1885.0,1950.0,2026-07-20T18:00:00.000Z
148,2026-07-21T13:12:26+00:00,oficial,1450.0,1500.0,2026-07-21T10:00:00.000Z
149,2026-07-21T13:12:26+00:00,blue,1520.0,1540.0,2026-07-21T12:56:00.000Z
150,2026-07-21T13:12:26+00:00,bolsa,1510.4,1514.7,2026-07-21T12:56:00.000Z
151,2026-07-21T13:12:26+00:00,contadoconliqui,1572.4,1572.9,2026-07-21T12:56:00.000Z
152,2026-07-21T13:12:26+00:00,mayorista,1472.0,1481.0,2026-07-21T09:54:00.000Z
153,2026-07-21T13:12:26+00:00,cripto,1573.06,1575.43,2026-07-21T12:56:00.000Z
154,2026-07-21T13:12:26+00:00,tarjeta,1885.0,1950.0,2026-07-21T10:00:00.000Z
155,2026-07-21T17:05:22+00:00,oficial,1450.0,1500.0,2026-07-21T14:00:00.000Z
156,2026-07-21T17:05:22+00:00,blue,1525.0,1545.0,2026-07-21T17:01:00.000Z
157,2026-07-21T17:05:22+00:00,bolsa,1507.3,1509.5,2026-07-21T17:01:00.000Z
158,2026-07-21T17:05:22+00:00,contadoconliqui,1566.4,1567.1,2026-07-21T17:01:00.000Z
159,2026-07-21T17:05:22+00:00,mayorista,1469.0,1478.0,2026-07-21T11:19:00.000Z
160,2026-07-21T17:05:22+00:00,cripto,1567.92,1570.22,2026-07-21T17:01:00.000Z
161,2026-07-21T17:05:22+00:00,tarjeta,1885.0,1950.0,2026-07-21T14:00:00.000Z
162,2026-07-21T21:52:48+00:00,oficial,1450.0,1500.0,2026-07-21T18:00:00.000Z
163,2026-07-21T21:52:48+00:00,blue,1525.0,1545.0,2026-07-21T21:01:00.000Z
164,2026-07-21T21:52:48+00:00,bolsa,1506.4,1511.7,2026-07-21T21:01:00.000Z
165,2026-07-21T21:52:48+00:00,contadoconliqui,1568.2,1569.0,2026-07-21T21:01:00.000Z
166,2026-07-21T21:52:48+00:00,mayorista,1468.5,1477.5,2026-07-21T17:19:00.000Z
167,2026-07-21T21:52:48+00:00,cripto,1569.04,1571.56,2026-07-21T21:01:00.000Z
168,2026-07-21T21:52:48+00:00,tarjeta,1885.0,1950.0,2026-07-21T18:00:00.000Z
169,2026-07-22T13:18:17+00:00,oficial,1450.0,1500.0,2026-07-22T10:00:00.000Z
170,2026-07-22T13:18:17+00:00,blue,1525.0,1545.0,2026-07-22T12:56:00.000Z
171,2026-07-22T13:18:17+00:00,bolsa,1506.4,1511.7,2026-07-22T12:56:00.000Z
172,2026-07-22T13:18:17+00:00,contadoconliqui,1568.2,1569.0,2026-07-22T12:56:00.000Z
173,2026-07-22T13:18:17+00:00,mayorista,1468.5,1477.5,2026-07-21T17:19:00.000Z
174,2026-07-22T13:18:17+00:00,cripto,1570.58,1572.95,2026-07-22T12:56:00.000Z
175,2026-07-22T13:18:17+00:00,tarjeta,1885.0,1950.0,2026-07-22T10:00:00.000Z
176,2026-07-22T17:05:50+00:00,oficial,1450.0,1500.0,2026-07-22T14:00:00.000Z
177,2026-07-22T17:05:50+00:00,blue,1535.0,1555.0,2026-07-22T16:59:00.000Z
178,2026-07-22T17:05:50+00:00,bolsa,1511.1,1512.8,2026-07-22T16:59:00.000Z
179,2026-07-22T17:05:50+00:00,contadoconliqui,1573.4,1574.2,2026-07-22T16:59:00.000Z
180,2026-07-22T17:05:50+00:00,mayorista,1472.0,1481.0,2026-07-22T13:27:00.000Z
181,2026-07-22T17:05:50+00:00,cripto,1568.6,1570.99,2026-07-22T16:59:00.000Z
182,2026-07-22T17:05:50+00:00,tarjeta,1885.0,1950.0,2026-07-22T14:00:00.000Z
183,2026-07-22T21:54:58+00:00,oficial,1455.0,1505.0,2026-07-22T18:00:00.000Z
184,2026-07-22T21:54:58+00:00,blue,1535.0,1555.0,2026-07-22T20:59:00.000Z
185,2026-07-22T21:54:58+00:00,bolsa,1509.5,1513.7,2026-07-22T20:59:00.000Z
186,2026-07-22T21:54:58+00:00,contadoconliqui,1571.7,1573.5,2026-07-22T20:59:00.000Z
187,2026-07-22T21:54:58+00:00,mayorista,1474.0,1483.0,2026-07-22T15:52:00.000Z
188,2026-07-22T21:54:58+00:00,cripto,1572.03,1574.3,2026-07-22T20:59:00.000Z
189,2026-07-22T21:54:58+00:00,tarjeta,1891.5,1956.5,2026-07-22T18:00:00.000Z
190,2026-07-23T13:20:49+00:00,oficial,1455.0,1505.0,2026-07-23T10:00:00.000Z
191,2026-07-23T13:20:49+00:00,blue,1535.0,1555.0,2026-07-23T13:00:00.000Z
192,2026-07-23T13:20:49+00:00,bolsa,1509.5,1513.7,2026-07-23T13:00:00.000Z
193,2026-07-23T13:20:49+00:00,contadoconliqui,1571.7,1573.5,2026-07-23T13:00:00.000Z
194,2026-07-23T13:20:49+00:00,mayorista,1474.0,1483.0,2026-07-22T15:52:00.000Z
195,2026-07-23T13:20:49+00:00,cripto,1573.16,1576.05,2026-07-23T13:00:00.000Z
196,2026-07-23T13:20:49+00:00,tarjeta,1891.5,1956.5,2026-07-23T10:00:00.000Z
197,2026-07-23T17:07:34+00:00,oficial,1465.0,1515.0,2026-07-23T13:00:00.000Z
198,2026-07-23T17:07:34+00:00,blue,1540.0,1560.0,2026-07-23T16:01:00.000Z
199,2026-07-23T17:07:34+00:00,bolsa,1517.8,1519.4,2026-07-23T16:01:00.000Z
200,2026-07-23T17:07:34+00:00,contadoconliqui,1580.6,1581.1,2026-07-23T16:01:00.000Z
201,2026-07-23T17:07:34+00:00,mayorista,1482.0,1491.0,2026-07-23T12:40:00.000Z
202,2026-07-23T17:07:34+00:00,cripto,1576.5,1579.27,2026-07-23T16:01:00.000Z
203,2026-07-23T17:07:34+00:00,tarjeta,1904.5,1969.5,2026-07-23T13:00:00.000Z
204,2026-07-23T21:54:54+00:00,oficial,1465.0,1515.0,2026-07-23T13:00:00.000Z
205,2026-07-23T21:54:54+00:00,blue,1540.0,1560.0,2026-07-23T16:01:00.000Z
206,2026-07-23T21:54:54+00:00,bolsa,1517.8,1519.4,2026-07-23T16:01:00.000Z
207,2026-07-23T21:54:54+00:00,contadoconliqui,1580.6,1581.1,2026-07-23T16:01:00.000Z
208,2026-07-23T21:54:54+00:00,mayorista,1482.0,1491.0,2026-07-23T12:40:00.000Z
209,2026-07-23T21:54:54+00:00,cripto,1576.5,1579.27,2026-07-23T16:01:00.000Z
210,2026-07-23T21:54:54+00:00,tarjeta,1904.5,1969.5,2026-07-23T13:00:00.000Z
211,2026-07-24T13:14:23+00:00,oficial,1460.0,1510.0,2026-07-24T10:00:00.000Z
212,2026-07-24T13:14:23+00:00,blue,1530.0,1550.0,2026-07-24T12:58:00.000Z
213,2026-07-24T13:14:23+00:00,bolsa,1515.6,1521.9,2026-07-24T12:58:00.000Z
214,2026-07-24T13:14:23+00:00,contadoconliqui,1583.4,1585.0,2026-07-24T12:58:00.000Z
215,2026-07-24T13:14:23+00:00,mayorista,1480.5,1489.5,2026-07-23T14:58:00.000Z
216,2026-07-24T13:14:23+00:00,cripto,1578.91,1580.5,2026-07-24T12:58:00.000Z
217,2026-07-24T13:14:23+00:00,tarjeta,1898.0,1963.0,2026-07-24T10:00:00.000Z
218,2026-07-24T17:19:14+00:00,oficial,1465.0,1515.0,2026-07-24T14:00:00.000Z
219,2026-07-24T17:19:14+00:00,blue,1525.0,1545.0,2026-07-24T16:57:00.000Z
220,2026-07-24T17:19:14+00:00,bolsa,1524.9,1527.1,2026-07-24T16:57:00.000Z
221,2026-07-24T17:19:14+00:00,contadoconliqui,1589.3,1590.2,2026-07-24T16:57:00.000Z
222,2026-07-24T17:19:14+00:00,mayorista,1484.0,1493.0,2026-07-24T13:08:00.000Z
223,2026-07-24T17:19:14+00:00,cripto,1586.3,1588.81,2026-07-24T16:57:00.000Z
224,2026-07-24T17:19:14+00:00,tarjeta,1904.5,1969.5,2026-07-24T14:00:00.000Z
225,2026-07-24T21:53:51+00:00,oficial,1470.0,1520.0,2026-07-24T18:00:00.000Z
226,2026-07-24T21:53:51+00:00,blue,1525.0,1545.0,2026-07-24T20:57:00.000Z
227,2026-07-24T21:53:51+00:00,bolsa,1529.3,1533.5,2026-07-24T20:57:00.000Z
228,2026-07-24T21:53:51+00:00,contadoconliqui,1593.4,1595.8,2026-07-24T20:57:00.000Z
229,2026-07-24T21:53:51+00:00,mayorista,1488.0,1497.0,2026-07-24T16:11:00.000Z
230,2026-07-24T21:53:51+00:00,cripto,1588.32,1591.3,2026-07-24T20:57:00.000Z
231,2026-07-24T21:53:51+00:00,tarjeta,1911.0,1976.0,2026-07-24T18:00:00.000Z
232,2026-07-25T12:56:43+00:00,oficial,1470.0,1520.0,2026-07-24T18:55:00.000Z
233,2026-07-25T12:56:43+00:00,blue,1525.0,1545.0,2026-07-25T11:57:00.000Z
234,2026-07-25T12:56:43+00:00,bolsa,1529.3,1533.5,2026-07-25T11:57:00.000Z
235,2026-07-25T12:56:43+00:00,contadoconliqui,1593.4,1595.8,2026-07-25T11:57:00.000Z
236,2026-07-25T12:56:43+00:00,mayorista,1488.0,1497.0,2026-07-24T16:11:00.000Z
237,2026-07-25T12:56:43+00:00,cripto,1595.01,1597.12,2026-07-25T11:57:00.000Z
238,2026-07-25T12:56:43+00:00,tarjeta,1911.0,1976.0,2026-07-24T18:55:00.000Z
239,2026-07-25T16:43:19+00:00,oficial,1470.0,1520.0,2026-07-24T18:55:00.000Z
240,2026-07-25T16:43:19+00:00,blue,1525.0,1545.0,2026-07-25T14:57:00.000Z
241,2026-07-25T16:43:19+00:00,bolsa,1529.3,1533.5,2026-07-25T14:57:00.000Z
242,2026-07-25T16:43:19+00:00,contadoconliqui,1593.4,1595.8,2026-07-25T14:57:00.000Z
243,2026-07-25T16:43:19+00:00,mayorista,1488.0,1497.0,2026-07-24T16:11:00.000Z
244,2026-07-25T16:43:19+00:00,cripto,1589.53,1591.91,2026-07-25T14:57:00.000Z
245,2026-07-25T16:43:19+00:00,tarjeta,1911.0,1976.0,2026-07-24T18:55:00.000Z
246,2026-07-25T21:42:39+00:00,oficial,1470.0,1520.0,2026-07-24T18:55:00.000Z
247,2026-07-25T21:42:39+00:00,blue,1525.0,1545.0,2026-07-25T20:57:00.000Z
248,2026-07-25T21:42:39+00:00,bolsa,1529.3,1533.5,2026-07-25T20:57:00.000Z
249,2026-07-25T21:42:39+00:00,contadoconliqui,1593.4,1595.8,2026-07-25T20:57:00.000Z
250,2026-07-25T21:42:39+00:00,mayorista,1488.0,1497.0,2026-07-24T16:11:00.000Z
251,2026-07-25T21:42:39+00:00,cripto,1590.25,1592.69,2026-07-25T20:57:00.000Z
252,2026-07-25T21:42:39+00:00,tarjeta,1911.0,1976.0,2026-07-24T18:55:00.000Z
253,2026-07-26T12:54:06+00:00,oficial,1470.0,1520.0,2026-07-24T18:55:00.000Z
254,2026-07-26T12:54:06+00:00,blue,1525.0,1545.0,2026-07-26T11:57:00.000Z
255,2026-07-26T12:54:06+00:00,bolsa,1529.3,1533.5,2026-07-26T11:57:00.000Z
256,2026-07-26T12:54:06+00:00,contadoconliqui,1593.4,1595.8,2026-07-26T11:57:00.000Z
257,2026-07-26T12:54:06+00:00,mayorista,1488.0,1497.0,2026-07-24T16:11:00.000Z
258,2026-07-26T12:54:06+00:00,cripto,1591.8,1594.52,2026-07-26T11:57:00.000Z
259,2026-07-26T12:54:06+00:00,tarjeta,1911.0,1976.0,2026-07-24T18:55:00.000Z
260,2026-07-26T16:44:06+00:00,oficial,1470.0,1520.0,2026-07-24T18:55:00.000Z
261,2026-07-26T16:44:06+00:00,blue,1525.0,1545.0,2026-07-26T14:57:00.000Z
262,2026-07-26T16:44:06+00:00,bolsa,1529.3,1533.5,2026-07-26T14:57:00.000Z
263,2026-07-26T16:44:06+00:00,contadoconliqui,1593.4,1595.8,2026-07-26T14:57:00.000Z
264,2026-07-26T16:44:06+00:00,mayorista,1488.0,1497.0,2026-07-24T16:11:00.000Z
265,2026-07-26T16:44:06+00:00,cripto,1592.99,1595.85,2026-07-26T14:57:00.000Z
266,2026-07-26T16:44:06+00:00,tarjeta,1911.0,1976.0,2026-07-24T18:55:00.000Z
267,2026-07-26T21:47:00+00:00,oficial,1470.0,1520.0,2026-07-24T18:55:00.000Z
268,2026-07-26T21:47:00+00:00,blue,1525.0,1545.0,2026-07-26T20:57:00.000Z
269,2026-07-26T21:47:00+00:00,bolsa,1529.3,1533.5,2026-07-26T20:57:00.000Z
270,2026-07-26T21:47:00+00:00,contadoconliqui,1593.4,1595.8,2026-07-26T20:57:00.000Z
271,2026-07-26T21:47:00+00:00,mayorista,1488.0,1497.0,2026-07-24T16:11:00.000Z
272,2026-07-26T21:47:00+00:00,cripto,1591.35,1593.77,2026-07-26T20:57:00.000Z
273,2026-07-26T21:47:00+00:00,tarjeta,1911.0,1976.0,2026-07-24T18:55:00.000Z
274,2026-07-27T14:07:42+00:00,oficial,1470.0,1520.0,2026-07-27T11:00:00.000Z
275,2026-07-27T14:07:42+00:00,blue,1525.0,1545.0,2026-07-27T13:57:00.000Z
276,2026-07-27T14:07:42+00:00,bolsa,1530.6,1530.6,2026-07-27T13:57:00.000Z
277,2026-07-27T14:07:42+00:00,contadoconliqui,1595.4,1595.4,2026-07-27T13:57:00.000Z
278,2026-07-27T14:07:42+00:00,mayorista,1490.0,1499.0,2026-07-27T10:36:00.000Z
279,2026-07-27T14:07:42+00:00,cripto,1591.41,1593.69,2026-07-27T13:57:00.000Z
280,2026-07-27T14:07:42+00:00,tarjeta,1911.0,1976.0,2026-07-27T11:00:00.000Z
281,2026-07-27T17:28:01+00:00,oficial,1470.0,1520.0,2026-07-27T14:00:00.000Z
282,2026-07-27T17:28:01+00:00,blue,1540.0,1560.0,2026-07-27T16:57:00.000Z
283,2026-07-27T17:28:01+00:00,bolsa,1530.4,1531.9,2026-07-27T16:57:00.000Z
284,2026-07-27T17:28:01+00:00,contadoconliqui,1596.3,1596.8,2026-07-27T16:57:00.000Z
285,2026-07-27T17:28:01+00:00,mayorista,1488.0,1497.0,2026-07-27T13:21:00.000Z
286,2026-07-27T17:28:01+00:00,cripto,1592.91,1595.64,2026-07-27T16:57:00.000Z
287,2026-07-27T17:28:01+00:00,tarjeta,1911.0,1976.0,2026-07-27T14:00:00.000Z
288,2026-07-27T21:55:35+00:00,oficial,1470.0,1520.0,2026-07-27T18:00:00.000Z
289,2026-07-27T21:55:35+00:00,blue,1540.0,1560.0,2026-07-27T20:57:00.000Z
290,2026-07-27T21:55:35+00:00,bolsa,1527.9,1535.8,2026-07-27T20:57:00.000Z
291,2026-07-27T21:55:35+00:00,contadoconliqui,1597.9,1599.2,2026-07-27T20:57:00.000Z
292,2026-07-27T21:55:35+00:00,mayorista,1488.0,1497.0,2026-07-27T16:13:00.000Z
293,2026-07-27T21:55:35+00:00,cripto,1589.57,1592.06,2026-07-27T20:57:00.000Z
294,2026-07-27T21:55:35+00:00,tarjeta,1911.0,1976.0,2026-07-27T18:00:00.000Z
295,2026-07-28T13:26:51+00:00,oficial,1470.0,1520.0,2026-07-27T18:55:00.000Z
296,2026-07-28T13:26:51+00:00,blue,1540.0,1560.0,2026-07-28T11:58:00.000Z
297,2026-07-28T13:26:51+00:00,bolsa,1527.9,1535.8,2026-07-28T11:58:00.000Z
298,2026-07-28T13:26:51+00:00,contadoconliqui,1597.9,1599.2,2026-07-28T11:58:00.000Z
299,2026-07-28T13:26:51+00:00,mayorista,1488.0,1497.0,2026-07-27T16:13:00.000Z
300,2026-07-28T13:26:51+00:00,cripto,1592.38,1596.48,2026-07-28T11:58:00.000Z
301,2026-07-28T13:26:51+00:00,tarjeta,1911.0,1976.0,2026-07-27T18:55:00.000Z
302,2026-07-28T17:16:24+00:00,oficial,1470.0,1520.0,2026-07-28T14:00:00.000Z
303,2026-07-28T17:16:24+00:00,blue,1550.0,1570.0,2026-07-28T16:58:00.000Z
304,2026-07-28T17:16:24+00:00,bolsa,1535.3,1536.7,2026-07-28T16:58:00.000Z
305,2026-07-28T17:16:24+00:00,contadoconliqui,1599.8,1600.4,2026-07-28T16:58:00.000Z
306,2026-07-28T17:16:24+00:00,mayorista,1491.0,1500.0,2026-07-28T10:51:00.000Z
307,2026-07-28T17:16:24+00:00,cripto,1595.53,1598.03,2026-07-28T16:58:00.000Z
308,2026-07-28T17:16:24+00:00,tarjeta,1911.0,1976.0,2026-07-28T14:00:00.000Z
309,2026-07-28T21:54:21+00:00,oficial,1470.0,1520.0,2026-07-28T18:00:00.000Z
310,2026-07-28T21:54:21+00:00,blue,1550.0,1570.0,2026-07-28T20:58:00.000Z
311,2026-07-28T21:54:21+00:00,bolsa,1529.3,1532.5,2026-07-28T20:58:00.000Z
312,2026-07-28T21:54:21+00:00,contadoconliqui,1593.2,1595.9,2026-07-28T20:58:00.000Z
313,2026-07-28T21:54:21+00:00,mayorista,1479.0,1498.0,2026-07-28T16:03:00.000Z
314,2026-07-28T21:54:21+00:00,cripto,1593.3,1596.06,2026-07-28T20:58:00.000Z
315,2026-07-28T21:54:21+00:00,tarjeta,1911.0,1976.0,2026-07-28T18:00:00.000Z
316,2026-07-29T13:41:45+00:00,oficial,1470.0,1520.0,2026-07-29T10:00:00.000Z
317,2026-07-29T13:41:45+00:00,blue,1550.0,1570.0,2026-07-29T12:54:00.000Z
318,2026-07-29T13:41:45+00:00,bolsa,1529.3,1532.5,2026-07-29T12:54:00.000Z
319,2026-07-29T13:41:45+00:00,contadoconliqui,1593.2,1595.9,2026-07-29T12:54:00.000Z
320,2026-07-29T13:41:45+00:00,mayorista,1479.0,1498.0,2026-07-28T16:03:00.000Z
321,2026-07-29T13:41:45+00:00,cripto,1599.06,1602.14,2026-07-29T12:54:00.000Z
322,2026-07-29T13:41:45+00:00,tarjeta,1911.0,1976.0,2026-07-29T10:00:00.000Z
323,2026-07-29T17:02:30+00:00,oficial,1470.0,1520.0,2026-07-29T13:00:00.000Z
324,2026-07-29T17:02:30+00:00,blue,1550.0,1570.0,2026-07-29T15:59:00.000Z
325,2026-07-29T17:02:30+00:00,bolsa,1526.6,1529.4,2026-07-29T15:59:00.000Z
326,2026-07-29T17:02:30+00:00,contadoconliqui,1590.8,1591.7,2026-07-29T15:59:00.000Z
327,2026-07-29T17:02:30+00:00,mayorista,1487.0,1496.0,2026-07-29T12:22:00.000Z
328,2026-07-29T17:02:30+00:00,cripto,1590.28,1594.06,2026-07-29T15:59:00.000Z
329,2026-07-29T17:02:30+00:00,tarjeta,1911.0,1976.0,2026-07-29T13:00:00.000Z
330,2026-07-29T21:45:28+00:00,oficial,1465.0,1515.0,2026-07-29T18:00:00.000Z
331,2026-07-29T21:45:28+00:00,blue,1550.0,1570.0,2026-07-29T20:59:00.000Z
332,2026-07-29T21:45:28+00:00,bolsa,1519.8,1526.6,2026-07-29T20:59:00.000Z
333,2026-07-29T21:45:28+00:00,contadoconliqui,1583.0,1586.1,2026-07-29T20:59:00.000Z
334,2026-07-29T21:45:28+00:00,mayorista,1487.0,1496.0,2026-07-29T15:58:00.000Z
335,2026-07-29T21:45:28+00:00,cripto,1588.42,1592.29,2026-07-29T20:59:00.000Z
336,2026-07-29T21:45:28+00:00,tarjeta,1904.5,1969.5,2026-07-29T18:00:00.000Z
337,2026-07-30T13:23:13+00:00,oficial,1465.0,1515.0,2026-07-30T10:00:00.000Z
338,2026-07-30T13:23:13+00:00,blue,1550.0,1570.0,2026-07-30T12:59:00.000Z
339,2026-07-30T13:23:13+00:00,bolsa,1519.8,1526.6,2026-07-30T12:59:00.000Z
340,2026-07-30T13:23:13+00:00,contadoconliqui,1583.0,1586.1,2026-07-30T12:59:00.000Z
341,2026-07-30T13:23:13+00:00,mayorista,1487.0,1496.0,2026-07-29T15:58:00.000Z
342,2026-07-30T13:23:13+00:00,cripto,1588.95,1592.27,2026-07-30T12:59:00.000Z
343,2026-07-30T13:23:13+00:00,tarjeta,1904.5,1969.5,2026-07-30T10:00:00.000Z
344,2026-07-30T17:12:54+00:00,oficial,1460.0,1510.0,2026-07-30T14:00:00.000Z
345,2026-07-30T17:12:54+00:00,blue,1545.0,1565.0,2026-07-30T17:00:00.000Z
346,2026-07-30T17:12:54+00:00,bolsa,1515.6,1517.3,2026-07-30T17:00:00.000Z
347,2026-07-30T17:12:54+00:00,contadoconliqui,1573.9,1574.4,2026-07-30T17:00:00.000Z
348,2026-07-30T17:12:54+00:00,mayorista,1482.0,1491.0,2026-07-30T12:15:00.000Z
349,2026-07-30T17:12:54+00:00,cripto,1571.56,1576.67,2026-07-30T17:00:00.000Z
350,2026-07-30T17:12:54+00:00,tarjeta,1898.0,1963.0,2026-07-30T14:00:00.000Z
351,2026-07-30T21:57:31+00:00,oficial,1460.0,1510.0,2026-07-30T18:00:00.000Z
352,2026-07-30T21:57:31+00:00,blue,1545.0,1565.0,2026-07-30T20:56:00.000Z
353,2026-07-30T21:57:31+00:00,bolsa,1504.9,1512.7,2026-07-30T20:56:00.000Z
354,2026-07-30T21:57:31+00:00,contadoconliqui,1560.4,1564.4,2026-07-30T20:56:00.000Z
355,2026-07-30T21:57:31+00:00,mayorista,1479.0,1488.0,2026-07-30T16:01:00.000Z
356,2026-07-30T21:57:31+00:00,cripto,1567.49,1569.85,2026-07-30T20:56:00.000Z
357,2026-07-30T21:57:31+00:00,tarjeta,1898.0,1963.0,2026-07-30T18:00:00.000Z
358,2026-07-31T13:27:34+00:00,oficial,1460.0,1510.0,2026-07-31T10:00:00.000Z
359,2026-07-31T13:27:34+00:00,blue,1545.0,1565.0,2026-07-31T12:56:00.000Z
360,2026-07-31T13:27:34+00:00,bolsa,1504.9,1512.7,2026-07-31T12:56:00.000Z
361,2026-07-31T13:27:34+00:00,contadoconliqui,1560.4,1564.4,2026-07-31T12:56:00.000Z
362,2026-07-31T13:27:34+00:00,mayorista,1479.0,1488.0,2026-07-30T16:01:00.000Z
363,2026-07-31T13:27:34+00:00,cripto,1570.43,1572.48,2026-07-31T12:56:00.000Z
364,2026-07-31T13:27:34+00:00,tarjeta,1898.0,1963.0,2026-07-31T10:00:00.000Z
365,2026-07-31T17:16:35+00:00,oficial,1460.0,1510.0,2026-07-31T14:00:00.000Z
366,2026-07-31T17:16:35+00:00,blue,1540.0,1560.0,2026-07-31T16:59:00.000Z
367,2026-07-31T17:16:35+00:00,bolsa,1516.4,1518.3,2026-07-31T16:59:00.000Z
368,2026-07-31T17:16:35+00:00,contadoconliqui,1571.8,1572.2,2026-07-31T16:59:00.000Z
369,2026-07-31T17:16:35+00:00,mayorista,1479.0,1488.0,2026-07-31T13:44:00.000Z
370,2026-07-31T17:16:35+00:00,cripto,1565.37,1572.52,2026-07-31T16:59:00.000Z
371,2026-07-31T17:16:35+00:00,tarjeta,1898.0,1963.0,2026-07-31T14:00:00.000Z
372,2026-07-31T21:55:36+00:00,oficial,1460.0,1510.0,2026-07-31T18:00:00.000Z
373,2026-07-31T21:55:36+00:00,blue,1540.0,1560.0,2026-07-31T20:59:00.000Z
374,2026-07-31T21:55:36+00:00,bolsa,1516.8,1522.1,2026-07-31T20:59:00.000Z
375,2026-07-31T21:55:36+00:00,contadoconliqui,1572.2,1575.7,2026-07-31T20:59:00.000Z
376,2026-07-31T21:55:36+00:00,mayorista,1476.0,1485.0,2026-07-31T15:50:00.000Z
377,2026-07-31T21:55:36+00:00,cripto,1566.74,1573.02,2026-07-31T20:59:00.000Z
378,2026-07-31T21:55:36+00:00,tarjeta,1898.0,1963.0,2026-07-31T18:00:00.000Z
