id,timestamp_utc,moneda,precio_usd,precio_ars
1,2026-07-14T18:15:47+00:00,BTC,64459.0,94786645.0
2,2026-07-14T18:15:47+00:00,ETH,1869.21,2748658.0
3,2026-07-14T18:15:47+00:00,USDT,0.999289,1469.45
4,2026-07-14T18:16:59+00:00,BTC,64470.0,94802774.0
5,2026-07-14T18:16:59+00:00,ETH,1869.31,2748806.0
6,2026-07-14T18:16:59+00:00,USDT,0.999283,1469.44
7,2026-07-15T00:06:14+00:00,BTC,64966.0,95533523.0
8,2026-07-15T00:06:14+00:00,ETH,1889.56,2778603.0
9,2026-07-15T00:06:14+00:00,USDT,0.999334,1469.53
10,2026-07-15T13:06:52+00:00,BTC,65253.0,95661172.0
11,2026-07-15T13:06:52+00:00,ETH,1933.75,2834891.0
12,2026-07-15T13:06:52+00:00,USDT,0.999142,1464.75
13,2026-07-15T17:03:10+00:00,BTC,65055.0,96021812.0
14,2026-07-15T17:03:10+00:00,ETH,1919.28,2832887.0
15,2026-07-15T17:03:10+00:00,USDT,0.999133,1474.73
16,2026-07-15T21:45:28+00:00,BTC,64772.0,95591367.0
17,2026-07-15T21:45:28+00:00,ETH,1919.6,2832975.0
18,2026-07-15T21:45:28+00:00,USDT,0.999324,1474.82
19,2026-07-16T13:15:17+00:00,BTC,64045.0,94338328.0
20,2026-07-16T13:15:17+00:00,ETH,1874.29,2760847.0
21,2026-07-16T13:15:17+00:00,USDT,0.999215,1471.85
22,2026-07-16T17:01:21+00:00,BTC,64430.0,95001914.0
23,2026-07-16T17:01:21+00:00,ETH,1877.57,2768483.0
24,2026-07-16T17:01:21+00:00,USDT,0.999327,1473.51
25,2026-07-16T21:54:12+00:00,BTC,64162.0,94671468.0
26,2026-07-16T21:54:12+00:00,ETH,1877.66,2770491.0
27,2026-07-16T21:54:12+00:00,USDT,0.999254,1474.4
28,2026-07-17T13:00:09+00:00,BTC,63067.0,93054996.0
29,2026-07-17T13:00:09+00:00,ETH,1828.35,2697693.0
30,2026-07-17T13:00:09+00:00,USDT,0.999129,1474.2
31,2026-07-17T16:57:34+00:00,BTC,63564.0,94023674.0
32,2026-07-17T16:57:34+00:00,ETH,1835.81,2715538.0
33,2026-07-17T16:57:34+00:00,USDT,0.999194,1478.01
34,2026-07-17T21:40:24+00:00,BTC,64058.0,94615417.0
35,2026-07-17T21:40:24+00:00,ETH,1841.46,2719864.0
36,2026-07-17T21:40:24+00:00,USDT,0.99932,1476.01
37,2026-07-18T12:45:49+00:00,BTC,64141.0,94736538.0
38,2026-07-18T12:45:49+00:00,ETH,1843.26,2722527.0
39,2026-07-18T12:45:49+00:00,USDT,0.999306,1475.99
40,2026-07-18T16:42:16+00:00,BTC,64090.0,94661667.0
41,2026-07-18T16:42:16+00:00,ETH,1842.21,2720975.0
42,2026-07-18T16:42:16+00:00,USDT,0.999241,1475.89
43,2026-07-18T21:38:50+00:00,BTC,64644.0,95576133.0
44,2026-07-18T21:38:50+00:00,ETH,1857.79,2746738.0
45,2026-07-18T21:38:50+00:00,USDT,0.999288,1477.45
46,2026-07-19T12:48:56+00:00,BTC,64329.0,94802694.0
47,2026-07-19T12:48:56+00:00,ETH,1869.04,2754451.0
48,2026-07-19T12:48:56+00:00,USDT,0.999208,1472.56
49,2026-07-19T16:42:23+00:00,BTC,64517.0,95079708.0
50,2026-07-19T16:42:23+00:00,ETH,1866.63,2750903.0
51,2026-07-19T16:42:23+00:00,USDT,0.999203,1472.55
52,2026-07-19T21:39:56+00:00,BTC,64375.0,94958039.0
53,2026-07-19T21:39:56+00:00,ETH,1859.89,2743491.0
54,2026-07-19T21:39:56+00:00,USDT,0.999209,1473.91
55,2026-07-20T13:45:03+00:00,BTC,64598.0,95384165.0
56,2026-07-20T13:45:03+00:00,ETH,1875.04,2768632.0
57,2026-07-20T13:45:03+00:00,USDT,0.998967,1475.05
58,2026-07-20T17:16:31+00:00,BTC,65397.0,96884631.0
59,2026-07-20T17:16:31+00:00,ETH,1895.63,2808357.0
60,2026-07-20T17:16:31+00:00,USDT,0.999074,1480.12
61,2026-07-20T21:54:25+00:00,BTC,65261.0,96675854.0
62,2026-07-20T21:54:25+00:00,ETH,1901.63,2817017.0
63,2026-07-20T21:54:25+00:00,USDT,0.999221,1480.22
64,2026-07-21T13:12:26+00:00,BTC,66521.0,98335575.0
65,2026-07-21T13:12:26+00:00,ETH,1940.35,2868371.0
66,2026-07-21T13:12:26+00:00,USDT,0.99918,1477.06
67,2026-07-21T17:05:22+00:00,BTC,66486.0,98216564.0
68,2026-07-21T17:05:22+00:00,ETH,1926.04,2845260.0
69,2026-07-21T17:05:22+00:00,USDT,0.999394,1476.36
70,2026-07-21T21:52:48+00:00,BTC,66337.0,98015153.0
71,2026-07-21T21:52:48+00:00,ETH,1923.75,2842433.0
72,2026-07-21T21:52:48+00:00,USDT,0.999372,1476.62
73,2026-07-22T13:18:17+00:00,BTC,65559.0,96961598.0
74,2026-07-22T13:18:17+00:00,ETH,1918.74,2837792.0
75,2026-07-22T13:18:17+00:00,USDT,0.999194,1477.8
76,2026-07-22T17:05:50+00:00,BTC,66196.0,98051223.0
77,2026-07-22T17:05:50+00:00,ETH,1946.73,2883566.0
78,2026-07-22T17:05:50+00:00,USDT,0.999497,1480.49
79,2026-07-22T21:54:58+00:00,BTC,66045.0,97914137.0
80,2026-07-22T21:54:58+00:00,ETH,1936.14,2870417.0
81,2026-07-22T21:54:58+00:00,USDT,0.999456,1481.74
82,2026-07-23T13:20:49+00:00,BTC,64972.0,96609830.0
83,2026-07-23T13:20:49+00:00,ETH,1897.44,2821371.0
84,2026-07-23T13:20:49+00:00,USDT,0.999507,1486.2
85,2026-07-23T17:07:34+00:00,BTC,64715.0,96441283.0
86,2026-07-23T17:07:34+00:00,ETH,1885.66,2810109.0
87,2026-07-23T17:07:34+00:00,USDT,0.999179,1489.03
88,2026-07-23T21:54:54+00:00,BTC,65099.0,96931715.0
89,2026-07-23T21:54:54+00:00,ETH,1880.7,2800337.0
90,2026-07-23T21:54:54+00:00,USDT,0.999358,1488.03
91,2026-07-24T13:14:23+00:00,BTC,64371.0,95912676.0
92,2026-07-24T13:14:23+00:00,ETH,1861.91,2774235.0
93,2026-07-24T13:14:23+00:00,USDT,0.999168,1488.75
94,2026-07-24T17:19:14+00:00,BTC,63926.0,95488516.0
95,2026-07-24T17:19:14+00:00,ETH,1857.12,2774034.0
96,2026-07-24T17:19:14+00:00,USDT,0.999166,1492.48
97,2026-07-24T21:53:51+00:00,BTC,64089.0,95949004.0
98,2026-07-24T21:53:51+00:00,ETH,1857.74,2781271.0
99,2026-07-24T21:53:51+00:00,USDT,0.999204,1495.94
100,2026-07-25T12:56:43+00:00,BTC,64046.0,95865401.0
101,2026-07-25T12:56:43+00:00,ETH,1857.62,2780512.0
102,2026-07-25T12:56:43+00:00,USDT,0.999055,1495.4
103,2026-07-25T16:43:19+00:00,BTC,64146.0,96014573.0
104,2026-07-25T16:43:19+00:00,ETH,1866.43,2793703.0
105,2026-07-25T16:43:19+00:00,USDT,0.999226,1495.66
106,2026-07-25T21:42:39+00:00,BTC,64298.0,96242554.0
107,2026-07-25T21:42:39+00:00,ETH,1870.3,2799491.0
108,2026-07-25T21:42:39+00:00,USDT,0.999069,1495.42
109,2026-07-26T12:54:06+00:00,BTC,64425.0,96431633.0
110,2026-07-26T12:54:06+00:00,ETH,1886.47,2823688.0
111,2026-07-26T12:54:06+00:00,USDT,0.999329,1495.81
112,2026-07-26T16:44:06+00:00,BTC,64783.0,96967860.0
113,2026-07-26T16:44:06+00:00,ETH,1918.54,2871700.0
114,2026-07-26T16:44:06+00:00,USDT,0.999273,1495.73
115,2026-07-26T21:47:00+00:00,BTC,64764.0,96828710.0
116,2026-07-26T21:47:00+00:00,ETH,1920.14,2870787.0
117,2026-07-26T21:47:00+00:00,USDT,0.999299,1494.04
118,2026-07-27T14:07:42+00:00,BTC,65183.0,97707030.0
119,2026-07-27T14:07:42+00:00,ETH,1958.36,2935501.0
120,2026-07-27T14:07:42+00:00,USDT,0.999138,1497.67
121,2026-07-27T17:28:01+00:00,BTC,64964.0,97268009.0
122,2026-07-27T17:28:01+00:00,ETH,1941.41,2906796.0
123,2026-07-27T17:28:01+00:00,USDT,0.9991,1495.91
124,2026-07-27T21:55:35+00:00,BTC,64790.0,96983823.0
125,2026-07-27T21:55:35+00:00,ETH,1941.17,2905717.0
126,2026-07-27T21:55:35+00:00,USDT,0.999174,1495.65
127,2026-07-28T13:26:51+00:00,BTC,63330.0,94866979.0
128,2026-07-28T13:26:51+00:00,ETH,1886.05,2825279.0
129,2026-07-28T13:26:51+00:00,USDT,0.999175,1496.75
130,2026-07-28T17:16:24+00:00,BTC,63757.0,95618594.0
131,2026-07-28T17:16:24+00:00,ETH,1911.05,2866057.0
132,2026-07-28T17:16:24+00:00,USDT,0.999224,1498.57
133,2026-07-28T21:54:21+00:00,BTC,63962.0,95925687.0
134,2026-07-28T21:54:21+00:00,ETH,1923.78,2885162.0
135,2026-07-28T21:54:21+00:00,USDT,0.999202,1498.54
136,2026-07-29T13:41:45+00:00,BTC,64227.0,96148666.0
137,2026-07-29T13:41:45+00:00,ETH,1903.21,2849148.0
138,2026-07-29T13:41:45+00:00,USDT,0.999154,1495.75
139,2026-07-29T17:02:30+00:00,BTC,63736.0,95365745.0
140,2026-07-29T17:02:30+00:00,ETH,1893.88,2833725.0
141,2026-07-29T17:02:30+00:00,USDT,0.998633,1494.21
142,2026-07-29T21:45:28+00:00,BTC,63518.0,94984646.0
143,2026-07-29T21:45:28+00:00,ETH,1889.42,2825429.0
144,2026-07-29T21:45:28+00:00,USDT,0.999081,1494.02
145,2026-07-30T13:23:13+00:00,BTC,64758.0,96738187.0
146,2026-07-30T13:23:13+00:00,ETH,1921.49,2870394.0
147,2026-07-30T13:23:13+00:00,USDT,0.999072,1492.45
148,2026-07-30T17:12:54+00:00,BTC,64791.0,96618189.0
149,2026-07-30T17:12:54+00:00,ETH,1917.25,2859055.0
150,2026-07-30T17:12:54+00:00,USDT,0.999226,1490.07
151,2026-07-30T21:57:31+00:00,BTC,64675.0,96299336.0
152,2026-07-30T21:57:31+00:00,ETH,1916.43,2853501.0
153,2026-07-30T21:57:31+00:00,USDT,0.999263,1487.87
154,2026-07-31T13:27:34+00:00,BTC,63762.0,94931209.0
155,2026-07-31T13:27:34+00:00,ETH,1887.3,2809897.0
156,2026-07-31T13:27:34+00:00,USDT,0.999064,1487.45
157,2026-07-31T17:16:35+00:00,BTC,62835.0,93465498.0
158,2026-07-31T17:16:35+00:00,ETH,1865.44,2774821.0
159,2026-07-31T17:16:35+00:00,USDT,0.999099,1486.15
160,2026-07-31T21:55:36+00:00,BTC,62945.0,93517115.0
161,2026-07-31T21:55:36+00:00,ETH,1860.88,2764698.0
162,2026-07-31T21:55:36+00:00,USDT,0.999155,1484.44
163,2026-08-01T12:52:29+00:00,BTC,63049.0,93670986.0
164,2026-08-01T12:52:29+00:00,ETH,1867.3,2774238.0
165,2026-08-01T12:52:29+00:00,USDT,0.999176,1484.47
166,2026-08-01T16:46:22+00:00,BTC,62914.0,93471011.0
167,2026-08-01T16:46:22+00:00,ETH,1868.86,2776564.0
168,2026-08-01T16:46:22+00:00,USDT,0.999175,1484.47
169,2026-08-01T21:42:48+00:00,BTC,62731.0,93198748.0
170,2026-08-01T21:42:48+00:00,ETH,1841.98,2736621.0
171,2026-08-01T21:42:48+00:00,USDT,0.99926,1484.6
172,2026-08-02T12:54:08+00:00,BTC,63069.0,93627332.0
173,2026-08-02T12:54:08+00:00,ETH,1855.21,2754124.0
174,2026-08-02T12:54:08+00:00,USDT,0.999199,1483.34
175,2026-08-02T16:44:12+00:00,BTC,63200.0,93821994.0
176,2026-08-02T16:44:12+00:00,ETH,1863.56,2766510.0
177,2026-08-02T16:44:12+00:00,USDT,0.999165,1483.29
178,2026-08-02T21:43:04+00:00,BTC,63492.0,94170897.0
179,2026-08-02T21:43:04+00:00,ETH,1886.65,2798243.0
180,2026-08-02T21:43:04+00:00,USDT,0.999157,1481.93
181,2026-08-03T14:11:44+00:00,BTC,63250.0,94414484.0
182,2026-08-03T14:11:44+00:00,ETH,1854.0,2767497.0
183,2026-08-03T14:11:44+00:00,USDT,0.998954,1491.16
184,2026-08-03T17:44:59+00:00,BTC,63848.0,95288605.0
185,2026-08-03T17:44:59+00:00,ETH,1868.02,2787890.0
186,2026-08-03T17:44:59+00:00,USDT,0.999036,1490.99
187,2026-08-03T21:56:45+00:00,BTC,63561.0,94997661.0
188,2026-08-03T21:56:45+00:00,ETH,1863.23,2784755.0
189,2026-08-03T21:56:45+00:00,USDT,0.999177,1493.35
190,2026-08-04T13:42:39+00:00,BTC,64006.0,95778405.0
191,2026-08-04T13:42:39+00:00,ETH,1872.37,2801827.0
192,2026-08-04T13:42:39+00:00,USDT,0.999126,1495.1
193,2026-08-04T17:27:59+00:00,BTC,64006.0,95673262.0
194,2026-08-04T17:27:59+00:00,ETH,1870.54,2795983.0
195,2026-08-04T17:27:59+00:00,USDT,0.99926,1493.64
196,2026-08-04T22:01:45+00:00,BTC,64149.0,95990999.0
197,2026-08-04T22:01:45+00:00,ETH,1870.88,2799559.0
198,2026-08-04T22:01:45+00:00,USDT,0.999346,1495.4
199,2026-08-05T13:38:48+00:00,BTC,63881.0,95564215.0
200,2026-08-05T13:38:48+00:00,ETH,1858.11,2779688.0
201,2026-08-05T13:38:48+00:00,USDT,0.999315,1494.95
202,2026-08-05T17:17:20+00:00,BTC,64522.0,96543365.0
203,2026-08-05T17:17:20+00:00,ETH,1891.82,2830681.0
204,2026-08-05T17:17:20+00:00,USDT,0.999208,1495.09
205,2026-08-05T22:04:26+00:00,BTC,64625.0,96669573.0
206,2026-08-05T22:04:26+00:00,ETH,1906.54,2851904.0
207,2026-08-05T22:04:26+00:00,USDT,0.999149,1494.58
208,2026-08-06T13:30:51+00:00,BTC,64168.0,95515439.0
209,2026-08-06T13:30:51+00:00,ETH,1895.11,2820895.0
210,2026-08-06T13:30:51+00:00,USDT,0.998998,1487.02
211,2026-08-07T00:59:09+00:00,BTC,64263.0,96380615.0
212,2026-08-07T00:59:09+00:00,ETH,1901.63,2852045.0
213,2026-08-07T00:59:09+00:00,USDT,0.999245,1498.66
214,2026-08-07T12:36:41+00:00,BTC,64992.0,97471791.0
215,2026-08-07T12:36:41+00:00,ETH,1924.37,2886060.0
216,2026-08-07T12:36:41+00:00,USDT,0.999373,1498.8
217,2026-08-07T16:39:49+00:00,BTC,64891.0,97272575.0
218,2026-08-07T16:39:49+00:00,ETH,1913.24,2867986.0
219,2026-08-07T16:39:49+00:00,USDT,0.999343,1498.03
220,2026-08-07T21:26:54+00:00,BTC,64944.0,97257910.0
221,2026-08-07T21:26:54+00:00,ETH,1912.59,2864221.0
222,2026-08-07T21:26:54+00:00,USDT,0.999461,1496.75
223,2026-08-08T12:22:15+00:00,BTC,64968.0,97386631.0
224,2026-08-08T12:22:15+00:00,ETH,1919.91,2877951.0
225,2026-08-08T12:22:15+00:00,USDT,0.999459,1498.19
226,2026-08-08T16:18:23+00:00,BTC,65041.0,97495946.0
227,2026-08-08T16:18:23+00:00,ETH,1921.82,2880802.0
228,2026-08-08T16:18:23+00:00,USDT,0.999383,1498.08
229,2026-08-08T21:18:27+00:00,BTC,64994.0,97426064.0
230,2026-08-08T21:18:27+00:00,ETH,1919.03,2876629.0
231,2026-08-08T21:18:27+00:00,USDT,0.99932,1497.98
232,2026-08-09T12:24:37+00:00,BTC,64893.0,96816569.0
233,2026-08-09T12:24:37+00:00,ETH,1916.37,2859096.0
234,2026-08-09T12:24:37+00:00,USDT,0.999316,1490.92
235,2026-08-09T16:20:05+00:00,BTC,65197.0,97500280.0
236,2026-08-09T16:20:05+00:00,ETH,1923.83,2877026.0
237,2026-08-09T16:20:05+00:00,USDT,0.999377,1494.54
238,2026-08-09T21:20:12+00:00,BTC,65099.0,97082794.0
239,2026-08-09T21:20:12+00:00,ETH,1920.03,2863361.0
240,2026-08-09T21:20:12+00:00,USDT,0.999415,1490.44
241,2026-08-10T12:40:32+00:00,BTC,64889.0,97268465.0
242,2026-08-10T12:40:32+00:00,ETH,1912.56,2866932.0
243,2026-08-10T12:40:32+00:00,USDT,0.999239,1497.86
244,2026-08-10T16:40:59+00:00,BTC,64081.0,96011997.0
245,2026-08-10T16:40:59+00:00,ETH,1874.26,2808177.0
246,2026-08-10T16:40:59+00:00,USDT,0.999228,1497.13
247,2026-08-10T21:30:28+00:00,BTC,64047.0,95964835.0
248,2026-08-10T21:30:28+00:00,ETH,1874.4,2808501.0
249,2026-08-10T21:30:28+00:00,USDT,0.999055,1496.93
250,2026-08-11T12:37:46+00:00,BTC,64319.0,96372704.0
251,2026-08-11T12:37:46+00:00,ETH,1890.35,2832412.0
252,2026-08-11T12:37:46+00:00,USDT,0.999188,1497.14
253,2026-08-11T16:44:22+00:00,BTC,63485.0,94767189.0
254,2026-08-11T16:44:22+00:00,ETH,1863.47,2781695.0
255,2026-08-11T16:44:22+00:00,USDT,0.999231,1491.6
256,2026-08-11T21:34:00+00:00,BTC,63601.0,94828343.0
257,2026-08-11T21:34:00+00:00,ETH,1879.53,2802370.0
258,2026-08-11T21:34:00+00:00,USDT,0.999205,1489.81
259,2026-08-12T12:40:48+00:00,BTC,64091.0,95569725.0
260,2026-08-12T12:40:48+00:00,ETH,1908.25,2845516.0
261,2026-08-12T12:40:48+00:00,USDT,0.999169,1489.93
262,2026-08-12T16:44:24+00:00,BTC,63477.0,94756717.0
263,2026-08-12T16:44:24+00:00,ETH,1891.4,2823417.0
264,2026-08-12T16:44:24+00:00,USDT,0.999147,1491.49
265,2026-08-12T21:33:19+00:00,BTC,63413.0,94634639.0
266,2026-08-12T21:33:19+00:00,ETH,1875.89,2799499.0
267,2026-08-12T21:33:19+00:00,USDT,0.999126,1491.05
268,2026-08-13T12:41:38+00:00,BTC,63518.0,94802188.0
269,2026-08-13T12:41:38+00:00,ETH,1884.62,2812827.0
270,2026-08-13T12:41:38+00:00,USDT,0.999055,1491.11
271,2026-08-13T16:42:47+00:00,BTC,63015.0,94033302.0
272,2026-08-13T16:42:47+00:00,ETH,1868.74,2788595.0
273,2026-08-13T16:42:47+00:00,USDT,0.999125,1490.93
274,2026-08-13T21:33:25+00:00,BTC,63403.0,94583888.0
275,2026-08-13T21:33:25+00:00,ETH,1886.29,2813951.0
276,2026-08-13T21:33:25+00:00,USDT,0.999129,1490.5
277,2026-08-14T12:37:38+00:00,BTC,62786.0,93660668.0
278,2026-08-14T12:37:38+00:00,ETH,1875.45,2797683.0
279,2026-08-14T12:37:38+00:00,USDT,0.999064,1490.34
280,2026-08-14T16:38:46+00:00,BTC,63112.0,93938965.0
281,2026-08-14T16:38:46+00:00,ETH,1884.64,2805210.0
282,2026-08-14T16:38:46+00:00,USDT,0.998968,1486.92
283,2026-08-14T21:14:18+00:00,BTC,62861.0,93475250.0
284,2026-08-14T21:14:18+00:00,ETH,1877.35,2791632.0
285,2026-08-14T21:14:18+00:00,USDT,0.999144,1485.73
286,2026-08-15T12:14:27+00:00,BTC,62937.0,93633965.0
287,2026-08-15T12:14:27+00:00,ETH,1877.11,2792671.0
288,2026-08-15T12:14:27+00:00,USDT,0.999111,1486.43
289,2026-08-15T16:10:38+00:00,BTC,63022.0,93760988.0
290,2026-08-15T16:10:38+00:00,ETH,1882.82,2801165.0
291,2026-08-15T16:10:38+00:00,USDT,0.999172,1486.52
292,2026-08-15T21:10:29+00:00,BTC,63043.0,93792804.0
293,2026-08-15T21:10:29+00:00,ETH,1881.82,2799678.0
294,2026-08-15T21:10:29+00:00,USDT,0.999139,1486.47
295,2026-08-16T12:15:13+00:00,BTC,62969.0,93681839.0
296,2026-08-16T12:15:13+00:00,ETH,1878.75,2795117.0
297,2026-08-16T12:15:13+00:00,USDT,0.999193,1486.55
298,2026-08-16T16:10:49+00:00,BTC,63098.0,93477251.0
299,2026-08-16T16:10:49+00:00,ETH,1882.73,2789167.0
300,2026-08-16T16:10:49+00:00,USDT,0.999181,1480.24
301,2026-08-16T21:09:38+00:00,BTC,63009.0,93918815.0
302,2026-08-16T21:09:38+00:00,ETH,1880.48,2802971.0
303,2026-08-16T21:09:38+00:00,USDT,0.999257,1489.46
304,2026-08-17T12:19:00+00:00,BTC,63557.0,94556463.0
305,2026-08-17T12:19:00+00:00,ETH,1900.99,2828200.0
306,2026-08-17T12:19:00+00:00,USDT,0.99912,1486.44
307,2026-08-17T16:13:32+00:00,BTC,64033.0,95265084.0
308,2026-08-17T16:13:32+00:00,ETH,1907.12,2837319.0
309,2026-08-17T16:13:32+00:00,USDT,0.999121,1486.44
310,2026-08-17T21:15:02+00:00,BTC,64321.0,95700649.0
311,2026-08-17T21:15:02+00:00,ETH,1905.86,2835644.0
312,2026-08-17T21:15:02+00:00,USDT,0.999241,1486.72
313,2026-08-18T12:21:04+00:00,BTC,64239.0,95575782.0
314,2026-08-18T12:21:04+00:00,ETH,1898.96,2825306.0
315,2026-08-18T12:21:04+00:00,USDT,0.999189,1486.61
316,2026-08-18T16:17:44+00:00,BTC,64708.0,96642719.0
317,2026-08-18T16:17:44+00:00,ETH,1913.13,2857294.0
318,2026-08-18T16:17:44+00:00,USDT,0.999373,1492.58
319,2026-08-18T21:12:36+00:00,BTC,64590.0,96554046.0
320,2026-08-18T21:12:36+00:00,ETH,1913.02,2859742.0
321,2026-08-18T21:12:36+00:00,USDT,0.999424,1494.02
322,2026-08-19T12:20:22+00:00,BTC,64443.0,96341943.0
323,2026-08-19T12:20:22+00:00,ETH,1921.82,2873106.0
324,2026-08-19T12:20:22+00:00,USDT,0.999277,1493.91
325,2026-08-19T16:17:24+00:00,BTC,68611.0,102762056.0
326,2026-08-19T16:17:24+00:00,ETH,2092.14,3133472.0
327,2026-08-19T16:17:24+00:00,USDT,0.999542,1497.05
328,2026-08-19T21:14:54+00:00,BTC,69351.0,103836342.0
329,2026-08-19T21:14:54+00:00,ETH,2258.65,3381801.0
330,2026-08-19T21:14:54+00:00,USDT,0.999711,1496.83
331,2026-08-20T12:22:03+00:00,BTC,71775.0,107464567.0
332,2026-08-20T12:22:03+00:00,ETH,2275.06,3406302.0
333,2026-08-20T12:22:03+00:00,USDT,0.999413,1496.36
334,2026-08-20T16:20:25+00:00,BTC,72292.0,108257215.0
335,2026-08-20T16:20:25+00:00,ETH,2320.53,3475012.0
336,2026-08-20T16:20:25+00:00,USDT,0.999603,1496.91
337,2026-08-20T21:16:53+00:00,BTC,72736.0,108901655.0
338,2026-08-20T21:16:53+00:00,ETH,2323.13,3478228.0
339,2026-08-20T21:16:53+00:00,USDT,0.999603,1496.62
340,2026-08-21T12:21:46+00:00,BTC,76801.0,114990535.0
341,2026-08-21T12:21:46+00:00,ETH,2374.88,3555793.0
342,2026-08-21T12:21:46+00:00,USDT,0.999663,1496.75
343,2026-08-21T16:18:35+00:00,BTC,76972.0,115208162.0
344,2026-08-21T16:18:35+00:00,ETH,2389.44,3576412.0
345,2026-08-21T16:18:35+00:00,USDT,0.999675,1496.27
346,2026-08-21T21:12:51+00:00,BTC,77562.0,116289748.0
347,2026-08-21T21:12:51+00:00,ETH,2440.8,3659511.0
348,2026-08-21T21:12:51+00:00,USDT,0.999756,1498.94
349,2026-08-22T12:15:32+00:00,BTC,77230.0,115789216.0
350,2026-08-22T12:15:32+00:00,ETH,2431.74,3645843.0
351,2026-08-22T12:15:32+00:00,USDT,0.999807,1498.99
352,2026-08-22T16:10:24+00:00,BTC,77026.0,115482559.0
353,2026-08-22T16:10:24+00:00,ETH,2413.78,3618925.0
354,2026-08-22T16:10:24+00:00,USDT,0.999739,1498.89
355,2026-08-22T21:10:47+00:00,BTC,77133.0,115643354.0
356,2026-08-22T21:10:47+00:00,ETH,2422.41,3631856.0
357,2026-08-22T21:10:47+00:00,USDT,0.999862,1499.07
358,2026-08-23T12:15:48+00:00,BTC,77048.0,115515807.0
359,2026-08-23T12:15:48+00:00,ETH,2421.94,3631157.0
360,2026-08-23T12:15:48+00:00,USDT,0.99986,1499.07
361,2026-08-23T16:11:26+00:00,BTC,77211.0,115760677.0
362,2026-08-23T16:11:26+00:00,ETH,2442.15,3661460.0
363,2026-08-23T16:11:26+00:00,USDT,0.999847,1499.05
364,2026-08-23T21:10:46+00:00,BTC,77650.0,116518363.0
365,2026-08-23T21:10:46+00:00,ETH,2464.32,3697875.0
366,2026-08-23T21:10:46+00:00,USDT,0.99984,1500.33
367,2026-08-24T12:22:38+00:00,BTC,78207.0,117271677.0
368,2026-08-24T12:22:38+00:00,ETH,2486.44,3728443.0
369,2026-08-24T12:22:38+00:00,USDT,0.999821,1499.24
370,2026-08-24T16:22:01+00:00,BTC,79800.0,120139668.0
371,2026-08-24T16:22:01+00:00,ETH,2502.57,3767655.0
372,2026-08-24T16:22:01+00:00,USDT,0.999831,1505.26
373,2026-08-24T21:17:48+00:00,BTC,78970.0,119188065.0
374,2026-08-24T21:17:48+00:00,ETH,2481.34,3745029.0
375,2026-08-24T21:17:48+00:00,USDT,0.999776,1508.94
376,2026-08-25T12:23:10+00:00,BTC,78874.0,119061183.0
377,2026-08-25T12:23:10+00:00,ETH,2470.59,3729395.0
378,2026-08-25T12:23:10+00:00,USDT,0.999903,1509.37
379,2026-08-25T16:22:33+00:00,BTC,79234.0,119703511.0
380,2026-08-25T16:22:33+00:00,ETH,2474.96,3739055.0
381,2026-08-25T16:22:33+00:00,USDT,0.999955,1510.68
382,2026-08-25T21:16:18+00:00,BTC,78264.0,118295693.0
383,2026-08-25T21:16:18+00:00,ETH,2429.29,3671867.0
384,2026-08-25T21:16:18+00:00,USDT,0.999865,1511.29
385,2026-08-26T12:25:25+00:00,BTC,78509.0,118685956.0
386,2026-08-26T12:25:25+00:00,ETH,2465.07,3726585.0
387,2026-08-26T12:25:25+00:00,USDT,0.999818,1511.48
388,2026-08-26T16:40:15+00:00,BTC,78024.0,118108863.0
389,2026-08-26T16:40:15+00:00,ETH,2447.22,3704495.0
390,2026-08-26T16:40:15+00:00,USDT,1.0,1513.77
391,2026-08-27T00:19:26+00:00,BTC,78834.0,119375531.0
392,2026-08-27T00:19:26+00:00,ETH,2501.81,3788384.0
393,2026-08-27T00:19:26+00:00,USDT,0.999973,1514.22
394,2026-08-27T21:23:22+00:00,BTC,80020.0,121026199.0
395,2026-08-27T21:23:22+00:00,ETH,2501.68,3783663.0
396,2026-08-27T21:23:22+00:00,USDT,1.0,1512.58
397,2026-08-28T21:33:57+00:00,BTC,77474.0,117207848.0
398,2026-08-28T21:33:57+00:00,ETH,2431.14,3677985.0
399,2026-08-28T21:33:57+00:00,USDT,0.999951,1512.79
400,2026-08-29T15:52:10+00:00,BTC,77915.0,117874540.0
401,2026-08-29T15:52:10+00:00,ETH,2446.1,3700607.0
402,2026-08-29T15:52:10+00:00,USDT,1.0,1512.86
403,2026-08-29T18:58:06+00:00,BTC,78186.0,118285061.0
404,2026-08-29T18:58:06+00:00,ETH,2452.97,3711005.0
405,2026-08-29T18:58:06+00:00,USDT,0.999996,1512.86
406,2026-08-29T22:53:27+00:00,BTC,78187.0,118286269.0
407,2026-08-29T22:53:27+00:00,ETH,2451.9,3709389.0
408,2026-08-29T22:53:27+00:00,USDT,0.999985,1512.84
409,2026-08-30T15:38:39+00:00,BTC,78798.0,118129432.0
410,2026-08-30T15:38:39+00:00,ETH,2477.86,3714667.0
411,2026-08-30T15:38:39+00:00,USDT,0.999925,1499.03
412,2026-08-30T18:54:08+00:00,BTC,79050.0,118506429.0
413,2026-08-30T18:54:08+00:00,ETH,2511.7,3765393.0
414,2026-08-30T18:54:08+00:00,USDT,0.99985,1498.92
415,2026-08-30T22:58:43+00:00,BTC,78459.0,117638219.0
416,2026-08-30T22:58:43+00:00,ETH,2469.85,3703189.0
417,2026-08-30T22:58:43+00:00,USDT,0.999899,1499.21
418,2026-08-31T18:20:37+00:00,BTC,79052.0,119274212.0
419,2026-08-31T18:20:37+00:00,ETH,2478.71,3739898.0
420,2026-08-31T18:20:37+00:00,USDT,0.999826,1508.55
421,2026-09-01T00:09:56+00:00,BTC,78637.0,118643105.0
422,2026-09-01T00:09:56+00:00,ETH,2468.3,3724028.0
423,2026-09-01T00:09:56+00:00,USDT,0.999762,1508.38
424,2026-09-01T15:41:28+00:00,BTC,77887.0,117824457.0
425,2026-09-01T15:41:28+00:00,ETH,2444.22,3697548.0
426,2026-09-01T15:41:28+00:00,USDT,0.999678,1512.28
427,2026-09-01T18:56:41+00:00,BTC,76919.0,116361186.0
428,2026-09-01T18:56:41+00:00,ETH,2405.97,3639700.0
429,2026-09-01T18:56:41+00:00,USDT,0.999759,1512.41
430,2026-09-01T22:53:08+00:00,BTC,77273.0,116894158.0
431,2026-09-01T22:53:08+00:00,ETH,2413.16,3650513.0
432,2026-09-01T22:53:08+00:00,USDT,0.999626,1512.18
